{"cameraMode":{"drawMode":0,"name":"Shaded","section":"Shading Mode"},"sceneLighting":true,"audioPlay":false,"sceneViewState":{"m_AlwaysRefresh":false,"showFog":true,"showSkybox":true,"showFlares":true,"showImageEffects":true,"showParticleSystems":true,"showVisualEffectGraphs":true,"m_FxEnabled":true},"in2DMode":false,"pivot":{"x":15.680678367614746,"y":0.10075187683105469,"z":-11.32455062866211},"rotation":{"x":0.08186696469783783,"y":-0.7398389577865601,"z":0.09140421450138092,"w":0.6616645455360413},"size":2.1641337871551515,"orthographic":false}