{"cameraMode":{"drawMode":1,"name":"Wireframe","section":"Shading Mode"},"sceneLighting":false,"audioPlay":false,"sceneViewState":{"m_AlwaysRefresh":false,"showFog":false,"showSkybox":false,"showFlares":false,"showImageEffects":false,"showParticleSystems":false,"showVisualEffectGraphs":true,"m_FxEnabled":true},"in2DMode":false,"pivot":{"x":3.725290298461914e-9,"y":1.4836461544036866,"z":0.09499386698007584},"rotation":{"x":-0.051081810146570209,"y":-0.6522392630577087,"z":-0.04404722899198532,"w":0.7550655603408814},"size":0.12252765893936157,"orthographic":false}