{"cameraMode":{"drawMode":0,"name":"Shaded","section":"Shading Mode"},"sceneLighting":false,"audioPlay":false,"sceneViewState":{"m_AlwaysRefresh":false,"showFog":false,"showSkybox":false,"showFlares":false,"showImageEffects":false,"showParticleSystems":false,"showVisualEffectGraphs":true,"m_FxEnabled":true},"in2DMode":false,"pivot":{"x":-0.02767491340637207,"y":0.12785553932189942,"z":-0.017737850546836854},"rotation":{"x":-0.0010721234139055014,"y":-0.9975734353065491,"z":0.06894205510616303,"w":-0.014309109188616276},"size":0.7678484916687012,"orthographic":false}