{"cameraMode":{"drawMode":0,"name":"Shaded","section":"Shading Mode"},"sceneLighting":true,"audioPlay":false,"sceneViewState":{"m_AlwaysRefresh":false,"showFog":true,"showSkybox":false,"showFlares":true,"showImageEffects":true,"showParticleSystems":true,"showVisualEffectGraphs":true,"m_FxEnabled":true},"in2DMode":false,"pivot":{"x":-12.36308479309082,"y":7.828884124755859,"z":0.8277626037597656},"rotation":{"x":0.005208143498748541,"y":-0.4748252034187317,"z":-0.0029786457307636739,"w":-0.8801373243331909},"size":20.177412033081056,"orthographic":false}